{
  "N": 40,
  "means": {
    "Framing": 1.3,
    "Judging": 2.0,
    "Steering": 1.85
  },
  "eigenvalues": [
    1.2729805065588107,
    0.9999999999999997,
    0.7270194934411887
  ],
  "var_factor1_pct": 42.43268355196037
}